round,steps,score,reward,epsilon
1,400,17,-196.0,0.999
2,400,14,-237.0,0.998
3,400,13,-312.0,0.997
4,400,18,-276.0,0.996
5,400,20,-242.0,0.995
6,400,17,-304.0,0.994
7,400,17,-222.0,0.993
8,400,12,-418.0,0.992
9,400,22,-231.0,0.991
10,400,11,-399.0,0.99
11,400,28,-168.0,0.9891
12,400,19,-195.0,0.9881
13,400,22,-251.0,0.9871
14,400,25,-172.0,0.9861
15,400,19,-253.0,0.9851
16,400,20,-249.0,0.9841
17,400,21,-190.0,0.9831
18,400,22,-202.0,0.9822
19,400,28,-125.0,0.9812
20,400,23,-196.0,0.9802
21,400,15,-306.0,0.9792
22,400,12,-285.0,0.9782
23,400,25,-154.0,0.9773
24,400,24,-144.0,0.9763
25,400,33,-81.0,0.9753
26,400,14,-320.0,0.9743
27,400,25,-127.0,0.9733
28,400,24,-193.0,0.9724
29,400,22,-177.0,0.9714
30,400,17,-252.0,0.9704
31,400,30,-99.0,0.9695
32,400,13,-277.0,0.9685
33,400,19,-213.0,0.9675
34,400,14,-268.0,0.9666
35,400,22,-229.0,0.9656
36,400,21,-216.0,0.9646
37,400,16,-256.0,0.9637
38,400,19,-186.0,0.9627
39,400,14,-292.0,0.9617
40,400,27,-131.0,0.9608
41,400,27,-160.0,0.9598
42,400,16,-282.0,0.9588
43,400,23,-182.0,0.9579
44,400,22,-193.0,0.9569
45,400,17,-241.0,0.956
46,400,22,-118.0,0.955
47,400,25,-133.0,0.9541
48,400,28,-165.0,0.9531
49,400,25,-119.0,0.9522
50,400,22,-222.0,0.9512
51,400,21,-185.0,0.9503
52,400,15,-356.0,0.9493
53,400,27,-149.0,0.9484
54,400,21,-236.0,0.9474
55,400,14,-252.0,0.9465
56,400,15,-298.0,0.9455
57,400,19,-175.0,0.9446
58,400,25,-136.0,0.9436
59,400,29,-52.0,0.9427
60,400,23,-145.0,0.9417
61,400,13,-327.0,0.9408
62,400,29,-118.0,0.9399
63,400,26,-149.0,0.9389
64,400,27,-133.0,0.938
65,400,21,-229.0,0.937
66,400,20,-181.0,0.9361
67,400,28,-97.0,0.9352
68,400,24,-161.0,0.9342
69,400,22,-179.0,0.9333
70,400,28,-155.0,0.9324
71,400,24,-123.0,0.9314
72,400,24,-192.0,0.9305
73,400,17,-220.0,0.9296
74,400,26,-97.0,0.9286
75,400,26,-148.0,0.9277
76,400,18,-187.0,0.9268
77,400,28,-91.0,0.9259
78,400,29,-118.0,0.9249
79,400,26,-122.0,0.924
80,400,18,-326.0,0.9231
81,400,17,-223.0,0.9222
82,400,26,-78.0,0.9212
83,400,19,-173.0,0.9203
84,400,21,-169.0,0.9194
85,400,24,-116.0,0.9185
86,400,22,-216.0,0.9176
87,400,24,-198.0,0.9166
88,400,24,-146.0,0.9157
89,400,26,-112.0,0.9148
90,400,21,-164.0,0.9139
91,400,24,-139.0,0.913
92,400,43,135.0,0.9121
93,400,24,-177.0,0.9112
94,400,24,-120.0,0.9102
95,400,28,-76.0,0.9093
96,400,30,-3.0,0.9084
97,400,23,-191.0,0.9075
98,400,40,30.0,0.9066
99,400,18,-209.0,0.9057
100,400,30,-57.0,0.9048
101,400,27,-84.0,0.9039
102,400,27,-106.0,0.903
103,400,19,-163.0,0.9021
104,400,25,-145.0,0.9012
105,400,33,-66.0,0.9003
106,400,20,-236.0,0.8994
107,400,29,-60.0,0.8985
108,400,34,-42.0,0.8976
109,400,31,-77.0,0.8967
110,400,27,-100.0,0.8958
111,400,25,-66.0,0.8949
112,400,32,-19.0,0.894
113,400,31,-35.0,0.8931
114,400,26,-114.0,0.8922
115,400,37,-1.0,0.8913
116,400,28,-124.0,0.8904
117,400,27,-98.0,0.8895
118,400,28,-133.0,0.8886
119,400,26,-156.0,0.8878
120,400,31,-72.0,0.8869
121,400,30,-89.0,0.886
122,400,30,-16.0,0.8851
123,400,31,-67.0,0.8842
124,400,20,-179.0,0.8833
125,400,36,9.0,0.8824
126,400,26,-134.0,0.8816
127,400,30,-11.0,0.8807
128,400,19,-193.0,0.8798
129,400,21,-152.0,0.8789
130,400,26,-89.0,0.878
131,400,35,35.0,0.8772
132,400,27,-104.0,0.8763
133,400,32,-6.0,0.8754
134,400,28,-62.0,0.8745
135,400,27,-110.0,0.8737
136,400,29,-75.0,0.8728
137,400,23,-214.0,0.8719
138,400,32,-9.0,0.871
139,400,32,-69.0,0.8702
140,400,22,-187.0,0.8693
141,400,20,-187.0,0.8684
142,400,33,6.0,0.8676
143,400,37,-12.0,0.8667
144,400,37,-56.0,0.8658
145,400,34,-57.0,0.865
146,400,27,-105.0,0.8641
147,400,33,-52.0,0.8632
148,400,30,-82.0,0.8624
149,400,29,-88.0,0.8615
150,400,31,-14.0,0.8606
151,400,25,-107.0,0.8598
152,400,33,-4.0,0.8589
153,400,34,8.0,0.8581
154,400,36,-1.0,0.8572
155,400,22,-135.0,0.8563
156,400,37,4.0,0.8555
157,400,33,5.0,0.8546
158,400,26,-69.0,0.8538
159,400,32,-10.0,0.8529
160,400,33,8.0,0.8521
161,400,40,45.0,0.8512
162,400,38,87.0,0.8504
163,400,36,45.0,0.8495
164,400,33,19.0,0.8487
165,400,26,-87.0,0.8478
166,400,43,148.0,0.847
167,400,29,-27.0,0.8461
168,400,42,46.0,0.8453
169,400,38,73.0,0.8444
170,400,37,16.0,0.8436
171,400,40,118.0,0.8427
172,400,39,76.0,0.8419
173,400,33,2.0,0.8411
174,400,36,8.0,0.8402
175,400,31,-48.0,0.8394
176,400,30,-54.0,0.8385
177,400,39,75.0,0.8377
178,400,34,-2.0,0.8369
179,400,35,-29.0,0.836
180,400,41,95.0,0.8352
181,400,38,81.0,0.8344
182,400,42,132.0,0.8335
183,400,32,-79.0,0.8327
184,400,43,110.0,0.8319
185,400,38,64.0,0.831
186,400,31,-11.0,0.8302
187,400,22,-146.0,0.8294
188,400,39,17.0,0.8285
189,400,38,75.0,0.8277
190,400,38,52.0,0.8269
191,400,35,51.0,0.8261
192,400,46,193.0,0.8252
193,400,33,-17.0,0.8244
194,400,40,69.0,0.8236
195,400,30,-31.0,0.8228
196,400,35,75.0,0.8219
197,400,37,-14.0,0.8211
198,400,39,62.0,0.8203
199,400,35,-19.0,0.8195
200,400,37,-11.0,0.8186
201,400,39,86.0,0.8178
202,400,30,-75.0,0.817
203,400,34,32.0,0.8162
204,400,40,126.0,0.8154
205,400,35,32.0,0.8146
206,400,38,76.0,0.8137
207,400,40,97.0,0.8129
208,400,29,-34.0,0.8121
209,400,44,113.0,0.8113
210,400,34,33.0,0.8105
211,400,36,8.0,0.8097
212,400,35,70.0,0.8089
213,400,40,111.0,0.8081
214,400,34,69.0,0.8073
215,400,45,177.0,0.8065
216,400,32,-9.0,0.8056
217,400,35,42.0,0.8048
218,400,39,-15.0,0.804
219,400,38,63.0,0.8032
220,400,39,58.0,0.8024
221,400,33,-10.0,0.8016
222,400,40,143.0,0.8008
223,400,34,21.0,0.8
224,400,34,38.0,0.7992
225,400,44,196.0,0.7984
226,400,42,94.0,0.7976
227,400,42,160.0,0.7968
228,400,40,107.0,0.796
229,400,43,116.0,0.7952
230,400,37,41.0,0.7944
231,400,35,42.0,0.7936
232,400,35,61.0,0.7929
233,400,39,99.0,0.7921
234,400,37,39.0,0.7913
235,400,38,23.0,0.7905
236,400,37,100.0,0.7897
237,400,33,-11.0,0.7889
238,400,44,168.0,0.7881
239,400,40,68.0,0.7873
240,400,44,78.0,0.7865
241,400,37,69.0,0.7857
242,400,37,97.0,0.785
243,400,45,139.0,0.7842
244,400,46,101.0,0.7834
245,400,38,81.0,0.7826
246,400,45,186.0,0.7818
247,400,38,67.0,0.781
248,400,35,5.0,0.7803
249,400,44,123.0,0.7795
250,400,36,72.0,0.7787
251,400,37,107.0,0.7779
252,400,46,206.0,0.7771
253,400,39,100.0,0.7764
254,400,45,113.0,0.7756
255,400,38,74.0,0.7748
256,400,39,104.0,0.774
257,400,49,199.0,0.7733
258,400,33,6.0,0.7725
259,400,46,163.0,0.7717
260,400,43,122.0,0.771
261,400,41,129.0,0.7702
262,400,37,94.0,0.7694
263,400,41,165.0,0.7686
264,400,33,28.0,0.7679
265,400,39,154.0,0.7671
266,400,45,187.0,0.7663
267,400,43,127.0,0.7656
268,400,41,180.0,0.7648
269,400,43,161.0,0.764
270,400,39,66.0,0.7633
271,400,34,30.0,0.7625
272,400,39,136.0,0.7618
273,400,43,162.0,0.761
274,400,40,125.0,0.7602
275,400,43,124.0,0.7595
276,400,30,20.0,0.7587
277,400,44,100.0,0.7579
278,400,40,73.0,0.7572
279,400,37,123.0,0.7564
280,400,38,78.0,0.7557
281,400,36,72.0,0.7549
282,400,45,199.0,0.7542
283,400,45,104.0,0.7534
284,400,42,95.0,0.7527
285,400,43,136.0,0.7519
286,400,39,121.0,0.7512
287,400,41,92.0,0.7504
288,400,46,168.0,0.7497
289,400,49,281.0,0.7489
290,400,49,236.0,0.7482
291,400,44,179.0,0.7474
292,400,49,254.0,0.7467
293,400,46,186.0,0.7459
294,400,49,239.0,0.7452
295,400,43,157.0,0.7444
296,400,49,212.0,0.7437
297,400,46,221.0,0.7429
298,400,45,171.0,0.7422
299,400,33,41.0,0.7414
300,400,46,232.0,0.7407
301,400,49,212.0,0.74
302,400,34,45.0,0.7392
303,400,36,72.0,0.7385
304,400,46,185.0,0.7377
305,400,46,204.0,0.737
306,400,48,199.0,0.7363
307,400,42,99.0,0.7355
308,400,47,198.0,0.7348
309,400,45,185.0,0.7341
310,400,46,208.0,0.7333
311,400,46,166.0,0.7326
312,400,43,140.0,0.7319
313,400,47,186.0,0.7311
314,400,45,168.0,0.7304
315,400,45,138.0,0.7297
316,400,37,48.0,0.7289
317,400,44,188.0,0.7282
318,400,45,195.0,0.7275
319,360,49,258.0,0.7268
320,400,45,137.0,0.726
321,400,49,250.0,0.7253
322,400,46,192.0,0.7246
323,400,43,202.0,0.7239
324,400,45,205.0,0.7231
325,400,46,180.0,0.7224
326,369,49,325.0,0.7217
327,400,42,132.0,0.721
328,400,47,198.0,0.7202
329,400,39,96.0,0.7195
330,400,47,189.0,0.7188
331,400,48,215.0,0.7181
332,400,49,273.0,0.7174
333,400,42,103.0,0.7167
334,400,43,176.0,0.7159
335,400,44,167.0,0.7152
336,328,49,343.0,0.7145
337,400,43,188.0,0.7138
338,400,47,240.0,0.7131
339,400,47,199.0,0.7124
340,400,46,132.0,0.7116
341,400,47,223.0,0.7109
342,400,47,195.0,0.7102
343,400,49,236.0,0.7095
344,400,48,231.0,0.7088
345,400,39,78.0,0.7081
346,377,49,212.0,0.7074
347,360,49,250.0,0.7067
348,400,47,208.0,0.706
349,400,45,205.0,0.7053
350,400,44,173.0,0.7046
351,400,42,159.0,0.7039
352,400,40,124.0,0.7032
353,400,46,176.0,0.7025
354,357,49,321.0,0.7018
355,400,46,179.0,0.701
356,400,48,219.0,0.7003
357,400,44,173.0,0.6996
358,400,45,162.0,0.6989
359,400,48,192.0,0.6982
360,400,49,242.0,0.6976
361,394,49,229.0,0.6969
362,400,46,202.0,0.6962
363,400,44,157.0,0.6955
364,388,49,281.0,0.6948
365,377,49,308.0,0.6941
366,400,46,236.0,0.6934
367,387,49,322.0,0.6927
368,269,49,389.0,0.692
369,400,41,169.0,0.6913
370,391,49,329.0,0.6906
371,400,49,256.0,0.6899
372,378,49,305.0,0.6892
373,400,48,213.0,0.6885
374,400,48,247.0,0.6878
375,400,46,225.0,0.6872
376,388,49,322.0,0.6865
377,370,49,302.0,0.6858
378,373,49,313.0,0.6851
379,400,40,145.0,0.6844
380,400,49,246.0,0.6837
381,273,49,325.0,0.683
382,400,42,214.0,0.6824
383,400,48,235.0,0.6817
384,400,49,268.0,0.681
385,386,49,301.0,0.6803
386,400,48,251.0,0.6796
387,400,48,260.0,0.679
388,355,49,301.0,0.6783
389,369,49,280.0,0.6776
390,400,49,314.0,0.6769
391,400,44,177.0,0.6762
392,373,49,273.0,0.6756
393,400,44,195.0,0.6749
394,400,48,252.0,0.6742
395,400,48,270.0,0.6735
396,400,49,274.0,0.6729
397,352,49,305.0,0.6722
398,369,49,310.0,0.6715
399,400,47,198.0,0.6709
400,400,49,266.0,0.6702
401,359,49,316.0,0.6695
402,345,49,302.0,0.6688
403,330,49,341.0,0.6682
404,325,49,362.0,0.6675
405,285,49,386.0,0.6668
406,400,45,183.0,0.6662
407,400,43,154.0,0.6655
408,339,49,349.0,0.6648
409,321,49,307.0,0.6642
410,353,49,318.0,0.6635
411,300,49,366.0,0.6629
412,346,49,325.0,0.6622
413,345,49,320.0,0.6615
414,400,49,279.0,0.6609
415,400,49,248.0,0.6602
416,334,49,323.0,0.6595
417,376,49,324.0,0.6589
418,320,49,341.0,0.6582
419,400,49,217.0,0.6576
420,400,48,216.0,0.6569
421,400,49,274.0,0.6563
422,400,47,209.0,0.6556
423,349,49,351.0,0.6549
424,400,41,177.0,0.6543
425,391,49,310.0,0.6536
426,305,49,364.0,0.653
427,340,49,361.0,0.6523
428,341,49,342.0,0.6517
429,316,49,339.0,0.651
430,371,49,364.0,0.6504
431,400,48,155.0,0.6497
432,377,49,299.0,0.6491
433,349,49,317.0,0.6484
434,400,49,215.0,0.6478
435,316,49,344.0,0.6471
436,400,48,220.0,0.6465
437,314,49,337.0,0.6458
438,398,49,302.0,0.6452
439,354,49,299.0,0.6445
440,400,47,217.0,0.6439
441,335,49,334.0,0.6433
442,395,49,311.0,0.6426
443,369,49,291.0,0.642
444,347,49,325.0,0.6413
445,360,49,324.0,0.6407
446,399,49,221.0,0.64
447,400,49,270.0,0.6394
448,395,49,286.0,0.6388
449,393,49,304.0,0.6381
450,400,46,230.0,0.6375
451,329,49,322.0,0.6368
452,400,48,277.0,0.6362
453,400,46,154.0,0.6356
454,394,49,298.0,0.6349
455,400,49,232.0,0.6343
456,383,49,327.0,0.6337
457,337,49,323.0,0.633
458,287,49,373.0,0.6324
459,368,49,356.0,0.6318
460,346,49,322.0,0.6311
461,364,49,243.0,0.6305
462,296,49,363.0,0.6299
463,307,49,320.0,0.6292
464,336,49,328.0,0.6286
465,400,49,263.0,0.628
466,370,49,322.0,0.6274
467,315,49,346.0,0.6267
468,400,48,279.0,0.6261
469,321,49,362.0,0.6255
470,400,49,276.0,0.6249
471,317,49,369.0,0.6242
472,400,49,223.0,0.6236
473,359,49,340.0,0.623
474,375,49,400.0,0.6224
475,345,49,346.0,0.6217
476,400,48,231.0,0.6211
477,400,49,334.0,0.6205
478,340,49,359.0,0.6199
479,352,49,315.0,0.6193
480,350,49,362.0,0.6186
481,355,49,344.0,0.618
482,364,49,369.0,0.6174
483,384,49,306.0,0.6168
484,400,49,261.0,0.6162
485,382,49,243.0,0.6155
486,380,49,309.0,0.6149
487,359,49,300.0,0.6143
488,326,49,339.0,0.6137
489,310,49,365.0,0.6131
490,258,49,379.0,0.6125
491,304,49,351.0,0.6119
492,305,49,389.0,0.6113
493,363,49,325.0,0.6106
494,297,49,403.0,0.61
495,367,49,343.0,0.6094
496,346,49,377.0,0.6088
497,289,49,381.0,0.6082
498,369,49,368.0,0.6076
499,312,49,364.0,0.607
500,237,49,405.0,0.6064
501,356,49,332.0,0.6058
502,304,49,347.0,0.6052
503,376,49,374.0,0.6046
504,378,49,328.0,0.604
505,293,49,334.0,0.6034
506,321,49,382.0,0.6027
507,227,49,427.0,0.6021
508,297,49,356.0,0.6015
509,346,49,348.0,0.6009
510,342,49,397.0,0.6003
511,278,49,440.0,0.5997
512,321,49,384.0,0.5991
513,332,49,338.0,0.5985
514,327,49,373.0,0.5979
515,312,49,361.0,0.5973
516,322,49,349.0,0.5967
517,331,49,299.0,0.5962
518,331,49,378.0,0.5956
519,327,49,328.0,0.595
520,347,49,369.0,0.5944
521,318,49,346.0,0.5938
522,291,49,376.0,0.5932
523,317,49,394.0,0.5926
524,293,49,354.0,0.592
525,254,49,369.0,0.5914
526,332,49,352.0,0.5908
527,318,49,400.0,0.5902
528,304,49,367.0,0.5896
529,315,49,341.0,0.589
530,289,49,392.0,0.5884
531,272,49,408.0,0.5879
532,328,49,339.0,0.5873
533,323,49,314.0,0.5867
534,391,49,238.0,0.5861
535,335,49,375.0,0.5855
536,304,49,402.0,0.5849
537,288,49,413.0,0.5843
538,326,49,394.0,0.5838
539,358,49,335.0,0.5832
540,303,49,350.0,0.5826
541,348,49,394.0,0.582
542,285,49,363.0,0.5814
543,255,49,425.0,0.5808
544,299,49,382.0,0.5803
545,288,49,401.0,0.5797
546,385,49,346.0,0.5791
547,292,49,354.0,0.5785
548,263,49,355.0,0.5779
549,281,49,367.0,0.5774
550,298,49,378.0,0.5768
551,310,49,358.0,0.5762
552,319,49,358.0,0.5756
553,331,49,336.0,0.5751
554,246,49,422.0,0.5745
555,314,49,384.0,0.5739
556,293,49,372.0,0.5733
557,351,49,353.0,0.5728
558,278,49,402.0,0.5722
559,268,49,380.0,0.5716
560,308,49,383.0,0.571
561,336,49,341.0,0.5705
562,280,49,379.0,0.5699
563,309,49,394.0,0.5693
564,275,49,424.0,0.5688
565,383,49,353.0,0.5682
566,294,49,359.0,0.5676
567,335,49,342.0,0.5671
568,264,49,420.0,0.5665
569,357,49,283.0,0.5659
570,290,49,391.0,0.5654
571,269,49,404.0,0.5648
572,285,49,424.0,0.5642
573,279,49,404.0,0.5637
574,309,49,350.0,0.5631
575,284,49,416.0,0.5625
576,306,49,392.0,0.562
577,304,49,407.0,0.5614
578,318,49,397.0,0.5609
579,334,49,373.0,0.5603
580,336,49,368.0,0.5597
581,311,49,370.0,0.5592
582,275,49,397.0,0.5586
583,349,49,328.0,0.5581
584,333,49,340.0,0.5575
585,329,49,387.0,0.5569
586,370,49,331.0,0.5564
587,306,49,346.0,0.5558
588,292,49,397.0,0.5553
589,255,49,423.0,0.5547
590,335,49,332.0,0.5542
591,345,49,361.0,0.5536
592,301,49,388.0,0.5531
593,287,49,363.0,0.5525
594,252,49,413.0,0.552
595,223,49,475.0,0.5514
596,307,49,383.0,0.5508
597,317,49,377.0,0.5503
598,286,49,368.0,0.5497
599,300,49,383.0,0.5492
600,323,49,410.0,0.5486
601,364,49,344.0,0.5481
602,352,49,374.0,0.5476
603,297,49,359.0,0.547
604,338,49,326.0,0.5465
605,321,49,349.0,0.5459
606,277,49,369.0,0.5454
607,268,49,441.0,0.5448
608,326,49,398.0,0.5443
609,254,49,436.0,0.5437
610,264,49,428.0,0.5432
611,276,49,401.0,0.5426
612,262,49,419.0,0.5421
613,338,49,335.0,0.5416
614,263,49,434.0,0.541
615,248,49,419.0,0.5405
616,229,49,453.0,0.5399
617,302,49,391.0,0.5394
618,268,49,427.0,0.5389
619,260,49,420.0,0.5383
620,255,49,416.0,0.5378
621,242,49,385.0,0.5372
622,266,49,435.0,0.5367
623,243,49,426.0,0.5362
624,305,49,354.0,0.5356
625,341,49,365.0,0.5351
626,243,49,434.0,0.5346
627,231,49,428.0,0.534
628,271,49,439.0,0.5335
629,239,49,407.0,0.533
630,234,49,427.0,0.5324
631,246,49,394.0,0.5319
632,265,49,448.0,0.5314
633,297,49,404.0,0.5308
634,305,49,394.0,0.5303
635,286,49,411.0,0.5298
636,286,49,393.0,0.5292
637,322,49,378.0,0.5287
638,252,49,418.0,0.5282
639,276,49,388.0,0.5277
640,271,49,399.0,0.5271
641,257,49,409.0,0.5266
642,305,49,382.0,0.5261
643,247,49,413.0,0.5255
644,242,49,415.0,0.525
645,293,49,403.0,0.5245
646,281,49,385.0,0.524
647,255,49,394.0,0.5234
648,313,49,417.0,0.5229
649,249,49,406.0,0.5224
650,274,49,424.0,0.5219
651,215,49,442.0,0.5214
652,265,49,444.0,0.5208
653,264,49,431.0,0.5203
654,243,49,419.0,0.5198
655,314,49,380.0,0.5193
656,337,49,344.0,0.5188
657,290,49,396.0,0.5182
658,304,49,380.0,0.5177
659,270,49,405.0,0.5172
660,351,49,411.0,0.5167
661,285,49,396.0,0.5162
662,268,49,419.0,0.5156
663,272,49,383.0,0.5151
664,238,49,427.0,0.5146
665,269,49,394.0,0.5141
666,303,49,442.0,0.5136
667,289,49,373.0,0.5131
668,281,49,414.0,0.5126
669,293,49,397.0,0.512
670,303,49,390.0,0.5115
671,307,49,403.0,0.511
672,312,49,401.0,0.5105
673,282,49,389.0,0.51
674,259,49,414.0,0.5095
675,245,49,453.0,0.509
676,260,49,436.0,0.5085
677,306,49,402.0,0.508
678,312,49,401.0,0.5075
679,260,49,449.0,0.507
680,299,49,420.0,0.5064
681,276,49,405.0,0.5059
682,231,49,425.0,0.5054
683,256,49,421.0,0.5049
684,224,49,431.0,0.5044
685,274,49,397.0,0.5039
686,294,49,420.0,0.5034
687,238,49,450.0,0.5029
688,253,49,420.0,0.5024
689,245,49,440.0,0.5019
690,239,49,437.0,0.5014
691,328,49,354.0,0.5009
692,240,49,427.0,0.5004
693,267,49,445.0,0.4999
694,311,49,409.0,0.4994
695,223,49,450.0,0.4989
696,230,49,442.0,0.4984
697,243,49,471.0,0.4979
698,249,49,457.0,0.4974
699,214,49,422.0,0.4969
700,255,49,402.0,0.4964
701,287,49,404.0,0.4959
702,303,49,398.0,0.4954
703,217,49,437.0,0.4949
704,279,49,395.0,0.4944
705,257,49,440.0,0.4939
706,269,49,402.0,0.4934
707,249,49,414.0,0.4929
708,293,49,463.0,0.4925
709,259,49,371.0,0.492
710,228,49,473.0,0.4915
711,233,49,453.0,0.491
712,229,49,447.0,0.4905
713,258,49,455.0,0.49
714,326,49,415.0,0.4895
715,239,49,438.0,0.489
716,234,49,420.0,0.4885
717,235,49,455.0,0.488
718,300,49,397.0,0.4876
719,233,49,455.0,0.4871
720,264,49,366.0,0.4866
721,235,49,432.0,0.4861
722,224,49,434.0,0.4856
723,254,49,416.0,0.4851
724,318,49,383.0,0.4846
725,244,49,422.0,0.4841
726,269,49,378.0,0.4837
727,232,49,472.0,0.4832
728,264,49,416.0,0.4827
729,237,49,437.0,0.4822
730,235,49,415.0,0.4817
731,268,49,405.0,0.4813
732,268,49,376.0,0.4808
733,254,49,432.0,0.4803
734,259,49,446.0,0.4798
735,224,49,470.0,0.4793
736,240,49,439.0,0.4788
737,272,49,420.0,0.4784
738,239,49,410.0,0.4779
739,272,49,409.0,0.4774
740,274,49,430.0,0.4769
741,277,49,422.0,0.4765
742,246,49,412.0,0.476
743,234,49,421.0,0.4755
744,242,49,443.0,0.475
745,249,49,467.0,0.4746
746,268,49,424.0,0.4741
747,257,49,432.0,0.4736
748,265,49,408.0,0.4731
749,225,49,470.0,0.4727
750,229,49,468.0,0.4722
751,240,49,430.0,0.4717
752,223,49,449.0,0.4712
753,287,49,381.0,0.4708
754,310,49,400.0,0.4703
755,217,49,460.0,0.4698
756,208,49,454.0,0.4694
757,247,49,431.0,0.4689
758,255,49,430.0,0.4684
759,247,49,427.0,0.468
760,298,49,391.0,0.4675
761,245,49,423.0,0.467
762,216,49,458.0,0.4666
763,246,49,443.0,0.4661
764,218,49,449.0,0.4656
765,217,49,451.0,0.4652
766,277,49,443.0,0.4647
767,241,49,438.0,0.4642
768,238,49,448.0,0.4638
769,289,49,440.0,0.4633
770,234,49,443.0,0.4628
771,326,49,385.0,0.4624
772,280,49,401.0,0.4619
773,198,49,474.0,0.4614
774,204,49,459.0,0.461
775,259,49,449.0,0.4605
776,288,49,428.0,0.4601
777,249,49,419.0,0.4596
778,280,49,449.0,0.4591
779,237,49,437.0,0.4587
780,235,49,425.0,0.4582
781,230,49,442.0,0.4578
782,226,49,445.0,0.4573
783,213,49,463.0,0.4569
784,205,49,465.0,0.4564
785,239,49,425.0,0.4559
786,276,49,424.0,0.4555
787,198,49,479.0,0.455
788,258,49,431.0,0.4546
789,286,49,396.0,0.4541
790,258,49,443.0,0.4537
791,207,49,449.0,0.4532
792,268,49,436.0,0.4528
793,248,49,436.0,0.4523
794,223,49,459.0,0.4519
795,216,49,469.0,0.4514
796,202,49,457.0,0.451
797,221,49,456.0,0.4505
798,237,49,478.0,0.45
799,218,49,439.0,0.4496
800,223,49,462.0,0.4491
801,273,49,413.0,0.4487
802,253,49,435.0,0.4483
803,222,49,478.0,0.4478
804,214,49,456.0,0.4474
805,318,49,419.0,0.4469
806,262,49,442.0,0.4465
807,256,49,412.0,0.446
808,201,49,459.0,0.4456
809,194,49,482.0,0.4451
810,216,49,439.0,0.4447
811,223,49,464.0,0.4442
812,371,49,390.0,0.4438
813,267,49,439.0,0.4433
814,196,49,453.0,0.4429
815,214,49,455.0,0.4425
816,231,49,474.0,0.442
817,238,49,435.0,0.4416
818,214,49,451.0,0.4411
819,230,49,448.0,0.4407
820,224,49,458.0,0.4403
821,218,49,447.0,0.4398
822,207,49,481.0,0.4394
823,251,49,415.0,0.4389
824,223,49,463.0,0.4385
825,197,49,477.0,0.4381
826,214,49,481.0,0.4376
827,288,49,457.0,0.4372
828,244,49,441.0,0.4367
829,226,49,434.0,0.4363
830,178,49,490.0,0.4359
831,245,49,437.0,0.4354
832,245,49,439.0,0.435
833,233,49,502.0,0.4346
834,202,49,449.0,0.4341
835,216,49,463.0,0.4337
836,252,49,410.0,0.4333
837,204,49,448.0,0.4328
838,250,49,436.0,0.4324
839,239,49,426.0,0.432
840,235,49,437.0,0.4315
841,216,49,483.0,0.4311
842,186,49,453.0,0.4307
843,279,49,416.0,0.4302
844,199,49,461.0,0.4298
845,226,49,411.0,0.4294
846,235,49,504.0,0.4289
847,218,49,421.0,0.4285
848,184,49,492.0,0.4281
849,260,49,477.0,0.4277
850,192,49,477.0,0.4272
851,262,49,406.0,0.4268
852,231,49,444.0,0.4264
853,246,49,426.0,0.426
854,241,49,447.0,0.4255
855,233,49,468.0,0.4251
856,240,49,494.0,0.4247
857,229,49,455.0,0.4243
858,190,49,432.0,0.4238
859,249,49,476.0,0.4234
860,200,49,441.0,0.423
861,242,49,464.0,0.4226
862,227,49,469.0,0.4221
863,265,49,430.0,0.4217
864,229,49,483.0,0.4213
865,204,49,452.0,0.4209
866,216,49,463.0,0.4204
867,196,49,471.0,0.42
868,240,49,426.0,0.4196
869,187,49,472.0,0.4192
870,228,49,453.0,0.4188
871,248,49,445.0,0.4184
872,221,49,435.0,0.4179
873,270,49,443.0,0.4175
874,221,49,488.0,0.4171
875,226,49,451.0,0.4167
876,229,49,452.0,0.4163
877,258,49,467.0,0.4158
878,244,49,468.0,0.4154
879,211,49,437.0,0.415
880,176,49,497.0,0.4146
881,268,49,428.0,0.4142
882,214,49,488.0,0.4138
883,226,49,434.0,0.4134
884,211,49,459.0,0.4129
885,247,49,465.0,0.4125
886,208,49,453.0,0.4121
887,192,49,505.0,0.4117
888,210,49,469.0,0.4113
889,198,49,425.0,0.4109
890,189,49,462.0,0.4105
891,283,49,413.0,0.4101
892,256,49,469.0,0.4097
893,175,49,490.0,0.4092
894,234,49,470.0,0.4088
895,200,49,486.0,0.4084
896,205,49,463.0,0.408
897,227,49,494.0,0.4076
898,225,49,419.0,0.4072
899,201,49,475.0,0.4068
900,354,49,423.0,0.4064
901,196,49,464.0,0.406
902,240,49,442.0,0.4056
903,216,49,479.0,0.4052
904,206,49,476.0,0.4048
905,203,49,473.0,0.4044
906,241,49,490.0,0.404
907,241,49,437.0,0.4036
908,231,49,475.0,0.4031
909,250,49,467.0,0.4027
910,209,49,497.0,0.4023
911,207,49,468.0,0.4019
912,241,49,467.0,0.4015
913,187,49,495.0,0.4011
914,242,49,446.0,0.4007
915,220,49,446.0,0.4003
916,238,49,464.0,0.3999
917,236,49,450.0,0.3995
918,257,49,454.0,0.3991
919,208,49,488.0,0.3987
920,239,49,475.0,0.3983
921,187,49,498.0,0.3979
922,198,49,486.0,0.3975
923,252,49,465.0,0.3971
924,236,49,417.0,0.3967
925,193,49,507.0,0.3963
926,158,49,499.0,0.396
927,205,49,487.0,0.3956
928,206,49,453.0,0.3952
929,226,49,477.0,0.3948
930,242,49,474.0,0.3944
931,227,49,453.0,0.394
932,221,49,483.0,0.3936
933,186,49,461.0,0.3932
934,195,49,513.0,0.3928
935,188,49,468.0,0.3924
936,236,49,471.0,0.392
937,227,49,480.0,0.3916
938,258,49,444.0,0.3912
939,187,49,507.0,0.3908
940,219,49,470.0,0.3904
941,200,49,465.0,0.3901
942,222,49,443.0,0.3897
943,218,49,453.0,0.3893
944,246,49,479.0,0.3889
945,193,49,485.0,0.3885
946,190,49,460.0,0.3881
947,221,49,466.0,0.3877
948,216,49,475.0,0.3873
949,199,49,461.0,0.3869
950,197,49,492.0,0.3866
951,193,49,489.0,0.3862
952,215,49,448.0,0.3858
953,230,49,464.0,0.3854
954,211,49,476.0,0.385
955,214,49,477.0,0.3846
956,204,49,484.0,0.3842
957,221,49,497.0,0.3839
958,185,49,480.0,0.3835
959,267,49,488.0,0.3831
960,185,49,479.0,0.3827
961,227,49,503.0,0.3823
962,211,49,451.0,0.3819
963,205,49,475.0,0.3816
964,198,49,450.0,0.3812
965,204,49,471.0,0.3808
966,212,49,474.0,0.3804
967,207,49,478.0,0.38
968,206,49,463.0,0.3797
969,225,49,470.0,0.3793
970,206,49,491.0,0.3789
971,187,49,469.0,0.3785
972,197,49,472.0,0.3781
973,199,49,487.0,0.3778
974,191,49,479.0,0.3774
975,221,49,474.0,0.377
976,221,49,460.0,0.3766
977,221,49,479.0,0.3763
978,255,49,474.0,0.3759
979,244,49,481.0,0.3755
980,193,49,461.0,0.3751
981,211,49,503.0,0.3748
982,255,49,464.0,0.3744
983,225,49,482.0,0.374
984,192,49,446.0,0.3736
985,400,24,97.0,0.3733
986,311,49,429.0,0.3729
987,214,49,496.0,0.3725
988,170,49,486.0,0.3721
989,400,33,205.0,0.3718
990,267,49,432.0,0.3714
991,177,49,477.0,0.371
992,207,49,454.0,0.3707
993,162,49,496.0,0.3703
994,231,49,473.0,0.3699
995,186,49,483.0,0.3695
996,195,49,461.0,0.3692
997,204,49,444.0,0.3688
998,190,49,480.0,0.3684
999,194,49,503.0,0.3681
1000,216,49,461.0,0.3677
1001,206,49,471.0,0.3673
1002,212,49,458.0,0.367
1003,206,49,480.0,0.3666
1004,192,49,482.0,0.3662
1005,226,49,467.0,0.3659
1006,210,49,480.0,0.3655
1007,189,49,523.0,0.3651
1008,232,49,466.0,0.3648
1009,206,49,477.0,0.3644
1010,246,49,486.0,0.364
1011,193,49,485.0,0.3637
1012,229,49,451.0,0.3633
1013,203,49,482.0,0.3629
1014,188,49,463.0,0.3626
1015,191,49,496.0,0.3622
1016,245,49,479.0,0.3619
1017,179,49,486.0,0.3615
1018,205,49,467.0,0.3611
1019,205,49,486.0,0.3608
1020,240,49,474.0,0.3604
1021,205,49,500.0,0.3601
1022,206,49,445.0,0.3597
1023,242,49,501.0,0.3593
1024,200,49,502.0,0.359
1025,174,49,473.0,0.3586
1026,166,49,465.0,0.3583
1027,190,49,485.0,0.3579
1028,201,49,470.0,0.3575
1029,158,49,493.0,0.3572
1030,169,49,497.0,0.3568
1031,193,49,485.0,0.3565
1032,198,49,474.0,0.3561
1033,204,49,482.0,0.3558
1034,163,49,483.0,0.3554
1035,192,49,482.0,0.355
1036,194,49,472.0,0.3547
1037,211,49,516.0,0.3543
1038,213,49,489.0,0.354
1039,184,49,487.0,0.3536
1040,209,49,499.0,0.3533
1041,221,49,485.0,0.3529
1042,200,49,496.0,0.3526
1043,193,49,487.0,0.3522
1044,243,49,481.0,0.3519
1045,194,49,471.0,0.3515
1046,195,49,474.0,0.3512
1047,223,49,478.0,0.3508
1048,188,49,472.0,0.3505
1049,290,49,454.0,0.3501
1050,218,49,471.0,0.3498
1051,168,49,468.0,0.3494
1052,171,49,504.0,0.3491
1053,208,49,462.0,0.3487
1054,161,49,468.0,0.3484
1055,215,49,459.0,0.348
1056,201,49,480.0,0.3477
1057,165,49,458.0,0.3473
1058,245,49,486.0,0.347
1059,218,49,477.0,0.3466
1060,199,49,485.0,0.3463
1061,224,49,481.0,0.3459
1062,195,49,484.0,0.3456
1063,194,49,483.0,0.3452
1064,209,49,482.0,0.3449
1065,201,49,492.0,0.3445
1066,201,49,490.0,0.3442
1067,186,49,476.0,0.3439
1068,191,49,495.0,0.3435
1069,192,49,494.0,0.3432
1070,192,49,510.0,0.3428
1071,190,49,473.0,0.3425
1072,193,49,493.0,0.3421
1073,206,49,475.0,0.3418
1074,182,49,482.0,0.3415
1075,230,49,490.0,0.3411
1076,195,49,494.0,0.3408
1077,200,49,476.0,0.3404
1078,157,49,481.0,0.3401
1079,202,49,524.0,0.3398
1080,187,49,473.0,0.3394
1081,203,49,501.0,0.3391
1082,186,49,515.0,0.3387
1083,207,49,498.0,0.3384
1084,154,49,525.0,0.3381
1085,190,49,491.0,0.3377
1086,197,49,482.0,0.3374
1087,191,49,519.0,0.337
1088,189,49,486.0,0.3367
1089,186,49,491.0,0.3364
1090,204,49,516.0,0.336
1091,196,49,463.0,0.3357
1092,220,49,462.0,0.3354
1093,222,49,477.0,0.335
1094,190,49,476.0,0.3347
1095,173,49,497.0,0.3344
1096,180,49,513.0,0.334
1097,194,49,494.0,0.3337
1098,155,49,487.0,0.3334
1099,187,49,479.0,0.333
1100,206,49,486.0,0.3327
1101,185,49,452.0,0.3324
1102,209,49,517.0,0.332
1103,202,49,486.0,0.3317
1104,150,49,485.0,0.3314
1105,187,49,510.0,0.331
1106,219,49,497.0,0.3307
1107,218,49,472.0,0.3304
1108,199,49,478.0,0.33
1109,194,49,497.0,0.3297
1110,213,49,516.0,0.3294
1111,181,49,499.0,0.329
1112,183,49,499.0,0.3287
1113,184,49,484.0,0.3284
1114,167,49,475.0,0.3281
1115,204,49,491.0,0.3277
1116,195,49,486.0,0.3274
1117,193,49,491.0,0.3271
1118,159,49,503.0,0.3268
1119,178,49,491.0,0.3264
1120,170,49,468.0,0.3261
1121,172,49,476.0,0.3258
1122,178,49,513.0,0.3254
1123,173,49,501.0,0.3251
1124,200,49,503.0,0.3248
1125,197,49,480.0,0.3245
1126,156,49,494.0,0.3241
1127,178,49,513.0,0.3238
1128,181,49,500.0,0.3235
1129,224,49,467.0,0.3232
1130,190,49,489.0,0.3229
1131,198,49,476.0,0.3225
1132,191,49,493.0,0.3222
1133,197,49,509.0,0.3219
1134,193,49,497.0,0.3216
1135,177,49,480.0,0.3212
1136,178,49,504.0,0.3209
1137,198,49,485.0,0.3206
1138,184,49,501.0,0.3203
1139,172,49,477.0,0.32
1140,147,49,512.0,0.3196
1141,234,49,499.0,0.3193
1142,182,49,513.0,0.319
1143,194,49,488.0,0.3187
1144,184,49,491.0,0.3184
1145,199,49,486.0,0.318
1146,212,49,494.0,0.3177
1147,178,49,483.0,0.3174
1148,183,49,517.0,0.3171
1149,170,49,495.0,0.3168
1150,208,49,508.0,0.3165
1151,188,49,524.0,0.3161
1152,185,49,501.0,0.3158
1153,184,49,513.0,0.3155
1154,155,49,506.0,0.3152
1155,171,49,527.0,0.3149
1156,162,49,493.0,0.3146
1157,179,49,481.0,0.3142
1158,202,49,479.0,0.3139
1159,188,49,508.0,0.3136
1160,198,49,474.0,0.3133
1161,189,49,478.0,0.313
1162,182,49,489.0,0.3127
1163,237,49,501.0,0.3124
1164,211,49,500.0,0.3121
1165,190,49,496.0,0.3117
1166,207,49,495.0,0.3114
1167,182,49,492.0,0.3111
1168,170,49,514.0,0.3108
1169,184,49,500.0,0.3105
1170,182,49,520.0,0.3102
1171,198,49,493.0,0.3099
1172,215,49,481.0,0.3096
1173,193,49,492.0,0.3093
1174,177,49,494.0,0.3089
1175,203,49,441.0,0.3086
1176,171,49,515.0,0.3083
1177,206,49,493.0,0.308
1178,191,49,497.0,0.3077
1179,198,49,496.0,0.3074
1180,160,49,527.0,0.3071
1181,207,49,499.0,0.3068
1182,148,49,523.0,0.3065
1183,173,49,504.0,0.3062
1184,185,49,511.0,0.3059
1185,222,49,493.0,0.3056
1186,205,49,485.0,0.3053
1187,213,49,484.0,0.305
1188,179,49,508.0,0.3046
1189,243,49,483.0,0.3043
1190,174,49,512.0,0.304
1191,156,49,488.0,0.3037
1192,163,49,508.0,0.3034
1193,229,49,505.0,0.3031
1194,149,49,510.0,0.3028
1195,189,49,517.0,0.3025
1196,209,49,501.0,0.3022
1197,166,49,501.0,0.3019
1198,184,49,502.0,0.3016
1199,188,49,491.0,0.3013
1200,232,49,506.0,0.301
1201,190,49,492.0,0.3007
1202,157,49,469.0,0.3004
1203,154,49,517.0,0.3001
1204,203,49,479.0,0.2998
1205,193,49,494.0,0.2995
1206,179,49,503.0,0.2992
1207,184,49,508.0,0.2989
1208,168,49,523.0,0.2986
1209,194,49,507.0,0.2983
1210,164,49,489.0,0.298
1211,179,49,504.0,0.2977
1212,168,49,517.0,0.2974
1213,192,49,514.0,0.2971
1214,238,49,459.0,0.2968
1215,172,49,512.0,0.2965
1216,178,49,478.0,0.2962
1217,173,49,521.0,0.2959
1218,148,49,510.0,0.2956
1219,170,49,497.0,0.2953
1220,189,49,511.0,0.2951
1221,166,49,508.0,0.2948
1222,184,49,510.0,0.2945
1223,179,49,497.0,0.2942
1224,189,49,484.0,0.2939
1225,196,49,490.0,0.2936
1226,230,49,479.0,0.2933
1227,197,49,495.0,0.293
1228,188,49,496.0,0.2927
1229,170,49,509.0,0.2924
1230,197,49,522.0,0.2921
1231,174,49,517.0,0.2918
1232,221,49,510.0,0.2915
1233,181,49,514.0,0.2912
1234,176,49,491.0,0.2909
1235,186,49,466.0,0.2907
1236,192,49,497.0,0.2904
1237,173,49,491.0,0.2901
1238,198,49,511.0,0.2898
1239,180,49,515.0,0.2895
1240,176,49,495.0,0.2892
1241,169,49,507.0,0.2889
1242,196,49,484.0,0.2886
1243,187,49,510.0,0.2883
1244,179,49,496.0,0.288
1245,187,49,492.0,0.2878
1246,186,49,501.0,0.2875
1247,171,49,483.0,0.2872
1248,186,49,512.0,0.2869
1249,192,49,494.0,0.2866
1250,168,49,481.0,0.2863
1251,200,49,503.0,0.286
1252,160,49,484.0,0.2858
1253,200,49,499.0,0.2855
1254,174,49,494.0,0.2852
1255,185,49,504.0,0.2849
1256,182,49,464.0,0.2846
1257,172,49,499.0,0.2843
1258,173,49,481.0,0.284
1259,176,49,511.0,0.2838
1260,169,49,511.0,0.2835
1261,186,49,509.0,0.2832
1262,179,49,518.0,0.2829
1263,178,49,490.0,0.2826
1264,153,49,514.0,0.2823
1265,195,49,500.0,0.2821
1266,194,49,496.0,0.2818
1267,163,49,500.0,0.2815
1268,189,49,513.0,0.2812
1269,180,49,475.0,0.2809
1270,177,49,509.0,0.2807
1271,153,49,506.0,0.2804
1272,219,49,480.0,0.2801
1273,178,49,502.0,0.2798
1274,174,49,536.0,0.2795
1275,160,49,515.0,0.2793
1276,198,49,505.0,0.279
1277,150,49,519.0,0.2787
1278,198,49,508.0,0.2784
1279,188,49,480.0,0.2781
1280,216,49,499.0,0.2779
1281,171,49,491.0,0.2776
1282,197,49,503.0,0.2773
1283,183,49,488.0,0.277
1284,186,49,515.0,0.2767
1285,163,49,498.0,0.2765
1286,205,49,502.0,0.2762
1287,191,49,483.0,0.2759
1288,181,49,524.0,0.2756
1289,185,49,497.0,0.2754
1290,168,49,483.0,0.2751
1291,173,49,491.0,0.2748
1292,179,49,510.0,0.2745
1293,161,49,489.0,0.2743
1294,150,49,515.0,0.274
1295,148,49,512.0,0.2737
1296,193,49,487.0,0.2734
1297,154,49,527.0,0.2732
1298,143,49,508.0,0.2729
1299,154,49,499.0,0.2726
1300,175,49,504.0,0.2724
1301,173,49,517.0,0.2721
1302,159,49,504.0,0.2718
1303,172,49,492.0,0.2715
1304,173,49,538.0,0.2713
1305,163,49,489.0,0.271
1306,174,49,509.0,0.2707
1307,167,49,508.0,0.2705
1308,168,49,515.0,0.2702
1309,180,49,525.0,0.2699
1310,167,49,499.0,0.2696
1311,177,49,489.0,0.2694
1312,170,49,494.0,0.2691
1313,188,49,516.0,0.2688
1314,193,49,503.0,0.2686
1315,167,49,516.0,0.2683
1316,344,49,471.0,0.268
1317,400,49,362.0,0.2678
1318,160,49,522.0,0.2675
1319,188,49,483.0,0.2672
1320,148,49,499.0,0.267
1321,155,49,515.0,0.2667
1322,158,49,533.0,0.2664
1323,243,49,485.0,0.2662
1324,189,49,516.0,0.2659
1325,194,49,514.0,0.2656
1326,180,49,525.0,0.2654
1327,199,49,484.0,0.2651
1328,201,49,499.0,0.2648
1329,196,49,506.0,0.2646
1330,157,49,517.0,0.2643
1331,190,49,503.0,0.264
1332,189,49,480.0,0.2638
1333,160,49,508.0,0.2635
1334,169,49,520.0,0.2632
1335,191,49,492.0,0.263
1336,173,49,523.0,0.2627
1337,189,49,511.0,0.2625
1338,146,49,508.0,0.2622
1339,156,49,509.0,0.2619
1340,172,49,521.0,0.2617
1341,199,49,496.0,0.2614
1342,199,49,540.0,0.2611
1343,157,49,512.0,0.2609
1344,168,49,507.0,0.2606
1345,150,49,493.0,0.2604
1346,166,49,499.0,0.2601
1347,164,49,511.0,0.2598
1348,154,49,510.0,0.2596
1349,192,49,507.0,0.2593
1350,168,49,508.0,0.2591
1351,176,49,501.0,0.2588
1352,185,49,521.0,0.2585
1353,182,49,521.0,0.2583
1354,174,49,510.0,0.258
1355,164,49,486.0,0.2578
1356,162,49,514.0,0.2575
1357,203,49,505.0,0.2573
1358,182,49,504.0,0.257
1359,168,49,498.0,0.2567
1360,198,49,517.0,0.2565
1361,164,49,531.0,0.2562
1362,158,49,533.0,0.256
1363,167,49,499.0,0.2557
1364,200,49,521.0,0.2555
1365,196,49,508.0,0.2552
1366,177,49,505.0,0.255
1367,189,49,513.0,0.2547
1368,186,49,512.0,0.2544
1369,189,49,512.0,0.2542
1370,182,49,490.0,0.2539
1371,152,49,511.0,0.2537
1372,157,49,503.0,0.2534
1373,177,49,507.0,0.2532
1374,190,49,526.0,0.2529
1375,147,49,529.0,0.2527
1376,151,49,497.0,0.2524
1377,179,49,520.0,0.2522
1378,172,49,515.0,0.2519
1379,183,49,505.0,0.2517
1380,192,49,505.0,0.2514
1381,162,49,505.0,0.2512
1382,144,49,514.0,0.2509
1383,176,49,508.0,0.2507
1384,157,49,492.0,0.2504
1385,142,49,503.0,0.2502
1386,174,49,522.0,0.2499
1387,146,49,516.0,0.2497
1388,152,49,487.0,0.2494
1389,146,49,526.0,0.2492
1390,155,49,515.0,0.2489
1391,172,49,513.0,0.2487
1392,172,49,505.0,0.2484
1393,137,49,519.0,0.2482
1394,175,49,506.0,0.2479
1395,162,49,505.0,0.2477
1396,168,49,489.0,0.2474
1397,146,49,511.0,0.2472
1398,182,49,494.0,0.2469
1399,180,49,497.0,0.2467
1400,181,49,529.0,0.2464
1401,149,49,500.0,0.2462
1402,184,49,512.0,0.2459
1403,191,49,505.0,0.2457
1404,193,49,499.0,0.2454
1405,290,49,510.0,0.2452
1406,140,49,531.0,0.2449
1407,162,49,515.0,0.2447
1408,153,49,528.0,0.2445
1409,168,49,519.0,0.2442
1410,147,49,520.0,0.244
1411,159,49,526.0,0.2437
1412,182,49,504.0,0.2435
1413,164,49,527.0,0.2432
1414,149,49,523.0,0.243
1415,202,49,525.0,0.2428
1416,168,49,508.0,0.2425
1417,166,49,507.0,0.2423
1418,188,49,517.0,0.242
1419,156,49,495.0,0.2418
1420,161,49,520.0,0.2415
1421,153,49,514.0,0.2413
1422,164,49,507.0,0.2411
1423,185,49,517.0,0.2408
1424,161,49,507.0,0.2406
1425,147,49,523.0,0.2403
1426,174,49,502.0,0.2401
1427,166,49,543.0,0.2399
1428,165,49,498.0,0.2396
1429,185,49,529.0,0.2394
1430,163,49,503.0,0.2391
1431,159,49,504.0,0.2389
1432,157,49,511.0,0.2387
1433,175,49,497.0,0.2384
1434,167,49,512.0,0.2382
1435,177,49,511.0,0.2379
1436,177,49,514.0,0.2377
1437,171,49,527.0,0.2375
1438,154,49,505.0,0.2372
1439,146,49,508.0,0.237
1440,174,49,498.0,0.2368
1441,164,49,525.0,0.2365
1442,203,49,520.0,0.2363
1443,159,49,513.0,0.236
1444,171,49,521.0,0.2358
1445,174,49,506.0,0.2356
1446,152,49,496.0,0.2353
1447,150,49,509.0,0.2351
1448,146,49,516.0,0.2349
1449,150,49,494.0,0.2346
1450,143,49,517.0,0.2344
1451,159,49,506.0,0.2342
1452,145,49,517.0,0.2339
1453,184,49,520.0,0.2337
1454,155,49,524.0,0.2335
1455,155,49,514.0,0.2332
1456,153,49,505.0,0.233
1457,163,49,502.0,0.2328
1458,158,49,530.0,0.2325
1459,139,49,524.0,0.2323
1460,185,49,501.0,0.2321
1461,184,49,513.0,0.2318
1462,149,49,531.0,0.2316
1463,155,49,517.0,0.2314
1464,173,49,531.0,0.2311
1465,167,49,527.0,0.2309
1466,158,49,521.0,0.2307
1467,182,49,532.0,0.2304
1468,134,49,511.0,0.2302
1469,169,49,538.0,0.23
1470,168,49,519.0,0.2298
1471,154,49,514.0,0.2295
1472,141,49,515.0,0.2293
1473,164,49,525.0,0.2291
1474,170,49,522.0,0.2288
1475,168,49,500.0,0.2286
1476,179,49,504.0,0.2284
1477,150,49,514.0,0.2282
1478,175,49,520.0,0.2279
1479,182,49,521.0,0.2277
1480,154,49,533.0,0.2275
1481,155,49,523.0,0.2272
1482,186,49,508.0,0.227
1483,160,49,526.0,0.2268
1484,165,49,521.0,0.2266
1485,159,49,514.0,0.2263
1486,175,49,509.0,0.2261
1487,167,49,536.0,0.2259
1488,183,49,512.0,0.2257
1489,142,49,519.0,0.2254
1490,154,49,523.0,0.2252
1491,155,49,540.0,0.225
1492,208,49,534.0,0.2248
1493,153,49,529.0,0.2245
1494,196,49,510.0,0.2243
1495,156,49,535.0,0.2241
1496,184,49,509.0,0.2239
1497,152,49,525.0,0.2236
1498,164,49,515.0,0.2234
1499,168,49,517.0,0.2232
1500,168,49,519.0,0.223
1501,203,49,507.0,0.2227
1502,290,49,496.0,0.2225
1503,174,49,535.0,0.2223
1504,156,49,512.0,0.2221
1505,242,49,492.0,0.2219
1506,165,49,535.0,0.2216
1507,154,49,518.0,0.2214
1508,176,49,526.0,0.2212
1509,173,49,502.0,0.221
1510,152,49,520.0,0.2207
1511,175,49,495.0,0.2205
1512,168,49,503.0,0.2203
1513,167,49,511.0,0.2201
1514,158,49,497.0,0.2199
1515,174,49,500.0,0.2196
1516,166,49,516.0,0.2194
1517,155,49,495.0,0.2192
1518,154,49,536.0,0.219
1519,163,49,512.0,0.2188
1520,155,49,547.0,0.2185
1521,162,49,513.0,0.2183
1522,143,49,519.0,0.2181
1523,173,49,515.0,0.2179
1524,166,49,527.0,0.2177
1525,170,49,528.0,0.2175
1526,151,49,508.0,0.2172
1527,172,49,509.0,0.217
1528,146,49,510.0,0.2168
1529,158,49,521.0,0.2166
1530,169,49,512.0,0.2164
1531,170,49,509.0,0.2162
1532,169,49,504.0,0.2159
1533,240,49,493.0,0.2157
1534,160,49,521.0,0.2155
1535,173,49,529.0,0.2153
1536,165,49,500.0,0.2151
1537,165,49,522.0,0.2149
1538,169,49,515.0,0.2146
1539,159,49,502.0,0.2144
1540,161,49,529.0,0.2142
1541,174,49,516.0,0.214
1542,173,49,535.0,0.2138
1543,164,49,513.0,0.2136
1544,184,49,528.0,0.2134
1545,155,49,505.0,0.2131
1546,144,49,510.0,0.2129
1547,153,49,510.0,0.2127
1548,176,49,508.0,0.2125
1549,181,49,515.0,0.2123
1550,185,49,548.0,0.2121
1551,144,49,511.0,0.2119
1552,156,49,503.0,0.2117
1553,176,49,536.0,0.2114
1554,164,49,501.0,0.2112
1555,193,49,526.0,0.211
1556,156,49,524.0,0.2108
1557,159,49,508.0,0.2106
1558,162,49,535.0,0.2104
1559,179,49,544.0,0.2102
1560,158,49,517.0,0.21
1561,156,49,509.0,0.2098
1562,159,49,496.0,0.2096
1563,163,49,507.0,0.2093
1564,159,49,533.0,0.2091
1565,151,49,505.0,0.2089
1566,181,49,517.0,0.2087
1567,140,49,515.0,0.2085
1568,147,49,515.0,0.2083
1569,161,49,524.0,0.2081
1570,140,49,520.0,0.2079
1571,137,49,521.0,0.2077
1572,179,49,534.0,0.2075
1573,155,49,519.0,0.2073
1574,127,49,513.0,0.2071
1575,134,49,522.0,0.2068
1576,165,49,528.0,0.2066
1577,155,49,539.0,0.2064
1578,166,49,506.0,0.2062
1579,168,49,514.0,0.206
1580,168,49,492.0,0.2058
1581,138,49,537.0,0.2056
1582,159,49,510.0,0.2054
1583,171,49,533.0,0.2052
1584,151,49,510.0,0.205
1585,179,49,525.0,0.2048
1586,157,49,509.0,0.2046
1587,165,49,534.0,0.2044
1588,196,49,515.0,0.2042
1589,400,39,333.0,0.204
1590,136,49,509.0,0.2038
1591,150,49,530.0,0.2036
1592,165,49,518.0,0.2034
1593,162,49,534.0,0.2032
1594,172,49,523.0,0.2029
1595,153,49,522.0,0.2027
1596,143,49,511.0,0.2025
1597,144,49,501.0,0.2023
1598,156,49,531.0,0.2021
1599,152,49,518.0,0.2019
1600,283,49,514.0,0.2017
1601,154,49,524.0,0.2015
1602,180,49,522.0,0.2013
1603,161,49,523.0,0.2011
1604,150,49,518.0,0.2009
1605,150,49,517.0,0.2007
1606,360,49,486.0,0.2005
1607,156,49,524.0,0.2003
1608,129,49,506.0,0.2001
1609,162,49,515.0,0.1999
1610,157,49,529.0,0.1997
1611,178,49,520.0,0.1995
1612,183,49,525.0,0.1993
1613,168,49,518.0,0.1991
1614,175,49,519.0,0.1989
1615,178,49,536.0,0.1987
1616,145,49,541.0,0.1985
1617,188,49,502.0,0.1983
1618,174,49,527.0,0.1981
1619,152,49,507.0,0.1979
1620,172,49,521.0,0.1977
1621,165,49,539.0,0.1975
1622,255,49,534.0,0.1973
1623,141,49,508.0,0.1971
1624,165,49,521.0,0.1969
1625,157,49,531.0,0.1968
1626,149,49,543.0,0.1966
1627,181,49,555.0,0.1964
1628,143,49,518.0,0.1962
1629,168,49,530.0,0.196
1630,141,49,528.0,0.1958
1631,153,49,532.0,0.1956
1632,172,49,536.0,0.1954
1633,185,49,515.0,0.1952
1634,162,49,540.0,0.195
1635,162,49,524.0,0.1948
1636,166,49,536.0,0.1946
1637,153,49,531.0,0.1944
1638,165,49,514.0,0.1942
1639,187,49,530.0,0.194
1640,160,49,520.0,0.1938
1641,172,49,487.0,0.1936
1642,160,49,536.0,0.1934
1643,157,49,516.0,0.1932
1644,172,49,523.0,0.193
1645,155,49,533.0,0.1929
1646,183,49,525.0,0.1927
1647,141,49,510.0,0.1925
1648,155,49,519.0,0.1923
1649,156,49,531.0,0.1921
1650,140,49,535.0,0.1919
1651,138,49,514.0,0.1917
1652,149,49,506.0,0.1915
1653,172,49,521.0,0.1913
1654,163,49,520.0,0.1911
1655,153,49,519.0,0.1909
1656,147,49,528.0,0.1907
1657,159,49,515.0,0.1906
1658,147,49,524.0,0.1904
1659,162,49,529.0,0.1902
1660,160,49,522.0,0.19
1661,166,49,537.0,0.1898
1662,157,49,514.0,0.1896
1663,163,49,523.0,0.1894
1664,150,49,542.0,0.1892
1665,145,49,508.0,0.189
1666,125,49,528.0,0.1888
1667,147,49,529.0,0.1887
1668,132,49,509.0,0.1885
1669,144,49,507.0,0.1883
1670,163,49,503.0,0.1881
1671,156,49,532.0,0.1879
1672,155,49,531.0,0.1877
1673,150,49,528.0,0.1875
1674,176,49,527.0,0.1873
1675,132,49,520.0,0.1872
1676,171,49,547.0,0.187
1677,150,49,537.0,0.1868
1678,155,49,538.0,0.1866
1679,149,49,533.0,0.1864
1680,151,49,525.0,0.1862
1681,160,49,526.0,0.186
1682,141,49,535.0,0.1858
1683,145,49,505.0,0.1857
1684,148,49,521.0,0.1855
1685,141,49,518.0,0.1853
1686,164,49,507.0,0.1851
1687,151,49,518.0,0.1849
1688,143,49,536.0,0.1847
1689,159,49,529.0,0.1845
1690,136,49,527.0,0.1844
1691,151,49,522.0,0.1842
1692,149,49,534.0,0.184
1693,148,49,527.0,0.1838
1694,157,49,510.0,0.1836
1695,165,49,511.0,0.1834
1696,157,49,518.0,0.1833
1697,153,49,509.0,0.1831
1698,165,49,535.0,0.1829
1699,175,49,515.0,0.1827
1700,148,49,527.0,0.1825
1701,160,49,514.0,0.1823
1702,140,49,514.0,0.1822
1703,148,49,523.0,0.182
1704,167,49,523.0,0.1818
1705,149,49,523.0,0.1816
1706,142,49,520.0,0.1814
1707,175,49,514.0,0.1813
1708,159,49,521.0,0.1811
1709,184,49,543.0,0.1809
1710,160,49,500.0,0.1807
1711,152,49,526.0,0.1805
1712,160,49,525.0,0.1803
1713,148,49,524.0,0.1802
1714,154,49,519.0,0.18
1715,157,49,531.0,0.1798
1716,178,49,527.0,0.1796
1717,156,49,530.0,0.1794
1718,131,49,515.0,0.1793
1719,166,49,525.0,0.1791
1720,157,49,544.0,0.1789
1721,152,49,512.0,0.1787
1722,159,49,518.0,0.1786
1723,154,49,515.0,0.1784
1724,144,49,535.0,0.1782
1725,147,49,516.0,0.178
1726,141,49,520.0,0.1778
1727,158,49,539.0,0.1777
1728,174,49,516.0,0.1775
1729,164,49,522.0,0.1773
1730,150,49,507.0,0.1771
1731,154,49,521.0,0.177
1732,167,49,518.0,0.1768
1733,158,49,540.0,0.1766
1734,154,49,543.0,0.1764
1735,153,49,517.0,0.1762
1736,173,49,527.0,0.1761
1737,227,49,502.0,0.1759
1738,173,49,526.0,0.1757
1739,154,49,492.0,0.1755
1740,218,49,505.0,0.1754
1741,155,49,529.0,0.1752
1742,151,49,542.0,0.175
1743,165,49,542.0,0.1748
1744,140,49,524.0,0.1747
1745,147,49,534.0,0.1745
1746,162,49,519.0,0.1743
1747,164,49,535.0,0.1741
1748,157,49,527.0,0.174
1749,145,49,540.0,0.1738
1750,153,49,531.0,0.1736
1751,152,49,534.0,0.1734
1752,154,49,535.0,0.1733
1753,144,49,514.0,0.1731
1754,155,49,525.0,0.1729
1755,152,49,510.0,0.1728
1756,185,49,535.0,0.1726
1757,142,49,522.0,0.1724
1758,161,49,518.0,0.1722
1759,165,49,511.0,0.1721
1760,150,49,518.0,0.1719
1761,143,49,522.0,0.1717
1762,190,49,521.0,0.1715
1763,165,49,520.0,0.1714
1764,141,49,532.0,0.1712
1765,140,49,533.0,0.171
1766,148,49,530.0,0.1709
1767,134,49,521.0,0.1707
1768,152,49,545.0,0.1705
1769,156,49,529.0,0.1704
1770,146,49,521.0,0.1702
1771,159,49,530.0,0.17
1772,137,49,517.0,0.1698
1773,168,49,543.0,0.1697
1774,162,49,537.0,0.1695
1775,152,49,532.0,0.1693
1776,158,49,542.0,0.1692
1777,169,49,513.0,0.169
1778,168,49,534.0,0.1688
1779,129,49,519.0,0.1687
1780,149,49,509.0,0.1685
1781,151,49,521.0,0.1683
1782,172,49,527.0,0.1682
1783,153,49,527.0,0.168
1784,166,49,553.0,0.1678
1785,146,49,528.0,0.1676
1786,155,49,538.0,0.1675
1787,158,49,533.0,0.1673
1788,152,49,545.0,0.1671
1789,159,49,521.0,0.167
1790,149,49,526.0,0.1668
1791,138,49,536.0,0.1666
1792,141,49,546.0,0.1665
1793,158,49,530.0,0.1663
1794,144,49,514.0,0.1661
1795,154,49,523.0,0.166
1796,148,49,531.0,0.1658
1797,161,49,525.0,0.1656
1798,166,49,526.0,0.1655
1799,145,49,520.0,0.1653
1800,138,49,518.0,0.1652
1801,139,49,510.0,0.165
1802,147,49,509.0,0.1648
1803,133,49,540.0,0.1647
1804,142,49,510.0,0.1645
1805,163,49,535.0,0.1643
1806,151,49,525.0,0.1642
1807,167,49,532.0,0.164
1808,154,49,532.0,0.1638
1809,138,49,529.0,0.1637
1810,125,49,518.0,0.1635
1811,142,49,544.0,0.1633
1812,138,49,523.0,0.1632
1813,153,49,539.0,0.163
1814,129,49,529.0,0.1629
1815,159,49,552.0,0.1627
1816,151,49,513.0,0.1625
1817,171,49,499.0,0.1624
1818,158,49,514.0,0.1622
1819,129,49,533.0,0.162
1820,146,49,516.0,0.1619
1821,159,49,526.0,0.1617
1822,140,49,514.0,0.1616
1823,136,49,519.0,0.1614
1824,145,49,530.0,0.1612
1825,145,49,523.0,0.1611
1826,159,49,523.0,0.1609
1827,155,49,521.0,0.1607
1828,132,49,544.0,0.1606
1829,139,49,530.0,0.1604
1830,136,49,526.0,0.1603
1831,162,49,520.0,0.1601
1832,190,49,527.0,0.1599
1833,155,49,530.0,0.1598
1834,146,49,518.0,0.1596
1835,154,49,516.0,0.1595
1836,159,49,542.0,0.1593
1837,161,49,536.0,0.1591
1838,152,49,537.0,0.159
1839,137,49,534.0,0.1588
1840,148,49,516.0,0.1587
1841,156,49,534.0,0.1585
1842,147,49,511.0,0.1584
1843,149,49,533.0,0.1582
1844,146,49,530.0,0.158
1845,148,49,534.0,0.1579
1846,139,49,529.0,0.1577
1847,150,49,527.0,0.1576
1848,147,49,505.0,0.1574
1849,143,49,527.0,0.1572
1850,141,49,542.0,0.1571
1851,174,49,525.0,0.1569
1852,137,49,502.0,0.1568
1853,135,49,528.0,0.1566
1854,165,49,536.0,0.1565
1855,150,49,516.0,0.1563
1856,148,49,533.0,0.1562
1857,124,49,525.0,0.156
1858,147,49,550.0,0.1558
1859,154,49,546.0,0.1557
1860,141,49,506.0,0.1555
1861,163,49,530.0,0.1554
1862,132,49,518.0,0.1552
1863,156,49,536.0,0.1551
1864,171,49,530.0,0.1549
1865,170,49,538.0,0.1548
1866,349,49,493.0,0.1546
1867,324,49,451.0,0.1544
1868,144,49,524.0,0.1543
1869,136,49,518.0,0.1541
1870,154,49,500.0,0.154
1871,400,29,253.0,0.1538
1872,131,49,510.0,0.1537
1873,188,49,506.0,0.1535
1874,138,49,527.0,0.1534
1875,172,49,509.0,0.1532
1876,171,49,554.0,0.1531
1877,138,49,519.0,0.1529
1878,155,49,532.0,0.1528
1879,166,49,543.0,0.1526
1880,142,49,528.0,0.1524
1881,136,49,509.0,0.1523
1882,182,49,532.0,0.1521
1883,136,49,523.0,0.152
1884,146,49,509.0,0.1518
1885,138,49,517.0,0.1517
1886,146,49,523.0,0.1515
1887,153,49,520.0,0.1514
1888,154,49,539.0,0.1512
1889,144,49,515.0,0.1511
1890,150,49,512.0,0.1509
1891,146,49,520.0,0.1508
1892,162,49,514.0,0.1506
1893,145,49,541.0,0.1505
1894,151,49,534.0,0.1503
1895,144,49,521.0,0.1502
1896,134,49,541.0,0.15
1897,143,49,546.0,0.1499
1898,159,49,547.0,0.1497
1899,141,49,523.0,0.1496
1900,157,49,542.0,0.1494
1901,136,49,529.0,0.1493
1902,141,49,551.0,0.1491
1903,150,49,552.0,0.149
1904,154,49,530.0,0.1488
1905,147,49,550.0,0.1487
1906,156,49,524.0,0.1485
1907,134,49,510.0,0.1484
1908,162,49,520.0,0.1482
1909,128,49,521.0,0.1481
1910,145,49,543.0,0.1479
1911,164,49,529.0,0.1478
1912,159,49,542.0,0.1476
1913,133,49,523.0,0.1475
1914,152,49,532.0,0.1473
1915,158,49,541.0,0.1472
1916,142,49,529.0,0.1471
1917,136,49,534.0,0.1469
1918,152,49,518.0,0.1468
1919,132,49,527.0,0.1466
1920,144,49,532.0,0.1465
1921,135,49,508.0,0.1463
1922,146,49,520.0,0.1462
1923,136,49,546.0,0.146
1924,132,49,532.0,0.1459
1925,132,49,534.0,0.1457
1926,163,49,513.0,0.1456
1927,254,49,487.0,0.1454
1928,143,49,525.0,0.1453
1929,134,49,532.0,0.1452
1930,159,49,516.0,0.145
1931,152,49,518.0,0.1449
1932,138,49,536.0,0.1447
1933,172,49,527.0,0.1446
1934,135,49,534.0,0.1444
1935,141,49,536.0,0.1443
1936,144,49,531.0,0.1441
1937,135,49,536.0,0.144
1938,152,49,527.0,0.1439
1939,134,49,535.0,0.1437
1940,151,49,535.0,0.1436
1941,152,49,527.0,0.1434
1942,133,49,536.0,0.1433
1943,118,49,513.0,0.1431
1944,140,49,514.0,0.143
1945,151,49,534.0,0.1428
1946,141,49,537.0,0.1427
1947,147,49,512.0,0.1426
1948,144,49,522.0,0.1424
1949,157,49,547.0,0.1423
1950,166,49,534.0,0.1421
1951,146,49,523.0,0.142
1952,148,49,530.0,0.1419
1953,133,49,521.0,0.1417
1954,158,49,531.0,0.1416
1955,152,49,524.0,0.1414
1956,136,49,539.0,0.1413
1957,150,49,547.0,0.1411
1958,150,49,524.0,0.141
1959,151,49,526.0,0.1409
1960,132,49,537.0,0.1407
1961,157,49,532.0,0.1406
1962,141,49,520.0,0.1404
1963,140,49,523.0,0.1403
1964,152,49,529.0,0.1402
1965,140,49,523.0,0.14
1966,157,49,555.0,0.1399
1967,136,49,531.0,0.1397
1968,133,49,520.0,0.1396
1969,153,49,540.0,0.1395
1970,147,49,514.0,0.1393
1971,157,49,527.0,0.1392
1972,147,49,521.0,0.139
1973,142,49,528.0,0.1389
1974,173,49,535.0,0.1388
1975,129,49,531.0,0.1386
1976,136,49,539.0,0.1385
1977,147,49,531.0,0.1383
1978,144,49,520.0,0.1382
1979,156,49,527.0,0.1381
1980,146,49,523.0,0.1379
1981,131,49,526.0,0.1378
1982,136,49,534.0,0.1377
1983,145,49,534.0,0.1375
1984,152,49,524.0,0.1374
1985,159,49,532.0,0.1372
1986,136,49,544.0,0.1371
1987,139,49,528.0,0.137
1988,143,49,538.0,0.1368
1989,142,49,530.0,0.1367
1990,149,49,543.0,0.1366
1991,159,49,519.0,0.1364
1992,159,49,535.0,0.1363
1993,160,49,534.0,0.1362
1994,140,49,530.0,0.136
1995,162,49,540.0,0.1359
1996,157,49,538.0,0.1357
1997,166,49,538.0,0.1356
1998,146,49,527.0,0.1355
1999,145,49,530.0,0.1353
2000,153,49,513.0,0.1352
